Timestamp,Telemetry_Level,Transmitted_Bytes_Wire,Bandwidth_Savings_Pct,Compression_Ratio_Factor,Detail_Metrics
2026-09-30 20:50:32,L0,312,99.97%,3334.62x,100 landmarks
2026-09-30 20:50:33,L1,860,99.92%,1209.77x,212 landmarks
2026-09-30 20:50:36,L2,16412,98.42%,63.39x,4096 entropy blocks
2026-09-30 20:50:41,L3,220512,78.81%,4.72x,851/851 ROI blocks
2026-09-30 20:50:57,L4,1056796,0.00%,0.98x,4096 sequential blocks
2026-09-30 20:53:29,L0,75,99.99%,13872.00x,21 landmarks
2026-09-30 20:53:30,L1,96,99.99%,10837.50x,21 landmarks
2026-09-30 20:53:35,L2,16412,98.42%,63.39x,4096 entropy blocks
2026-09-30 20:53:37,L3,34600,96.67%,30.07x,133/133 ROI blocks
2026-09-30 20:53:56,L4,1056796,0.00%,0.98x,4096 sequential blocks
2026-09-30 20:54:52,L0,261,99.97%,3986.21x,83 landmarks
2026-09-30 20:54:53,L1,344,99.97%,3024.42x,83 landmarks
2026-09-30 20:54:58,L2,16412,98.42%,63.39x,4096 entropy blocks
2026-09-30 20:55:00,L3,72560,93.03%,14.34x,279/279 ROI blocks
2026-09-30 20:55:17,L4,1056796,0.00%,0.98x,4096 sequential blocks
2026-09-30 20:56:27,L0,312,99.97%,3334.62x,100 landmarks
2026-09-30 20:56:29,L1,860,99.92%,1209.77x,212 landmarks
2026-09-30 20:56:32,L2,16412,98.42%,63.39x,4096 entropy blocks
2026-09-30 20:56:39,L3,223956,78.47%,4.65x,864/864 ROI blocks
2026-09-30 20:56:55,L4,1056796,0.00%,0.98x,4096 sequential blocks
2026-09-30 20:57:40,L0,312,99.97%,3334.62x,100 landmarks
2026-09-30 20:57:42,L1,652,99.94%,1595.71x,160 landmarks
2026-09-30 20:57:45,L2,16412,98.42%,63.39x,4096 entropy blocks
2026-09-30 20:57:49,L3,185988,82.12%,5.59x,716/716 ROI blocks
2026-09-30 20:58:15,L4,1056796,0.00%,0.98x,4096 sequential blocks
2026-09-30 20:59:24,L0,162,99.98%,6422.22x,50 landmarks
2026-09-30 20:59:26,L1,212,99.98%,4907.55x,50 landmarks
2026-09-30 20:59:31,L2,16412,98.42%,63.39x,4096 entropy blocks
2026-09-30 20:59:32,L3,42920,95.87%,24.24x,165/165 ROI blocks
2026-09-30 20:59:51,L4,1056796,0.00%,0.98x,4096 sequential blocks
2026-09-30 21:04:23,L0,186,99.98%,5593.55x,58 landmarks
2026-09-30 21:04:25,L1,244,99.98%,4263.93x,58 landmarks
2026-09-30 21:04:29,L2,16412,98.42%,63.39x,4096 entropy blocks
2026-09-30 21:04:33,L3,84520,91.88%,12.31x,325/325 ROI blocks
2026-09-30 21:04:55,L4,1056796,0.00%,0.98x,4096 sequential blocks
2026-09-30 21:06:19,L0,312,99.97%,3334.62x,100 landmarks
2026-09-30 21:06:20,L1,508,99.95%,2048.03x,124 landmarks
2026-09-30 21:06:24,L2,16412,98.42%,63.39x,4096 entropy blocks
2026-09-30 21:06:27,L3,158176,84.80%,6.58x,611/611 ROI blocks
2026-09-30 21:06:44,L4,1056796,0.00%,0.98x,4096 sequential blocks
2026-09-30 21:08:19,L0,312,99.97%,3334.62x,100 landmarks
2026-09-30 21:08:21,L1,580,99.94%,1793.79x,142 landmarks
2026-09-30 21:08:24,L2,16412,98.42%,63.39x,4096 entropy blocks
2026-09-30 21:08:29,L3,156800,84.93%,6.64x,603/603 ROI blocks
2026-09-30 21:08:45,L4,1056796,0.00%,0.98x,4096 sequential blocks
2026-09-30 21:10:38,L0,57,99.99%,18252.63x,15 landmarks
2026-09-30 21:10:41,L1,72,99.99%,14450.00x,15 landmarks
2026-09-30 21:10:45,L2,16412,98.42%,63.39x,4096 entropy blocks
2026-09-30 21:10:52,L3,18096,98.26%,57.49x,71/71 ROI blocks
2026-09-30 21:11:11,L4,1056796,0.00%,0.98x,4096 sequential blocks
2026-09-30 21:12:02,L0,312,99.97%,3334.62x,100 landmarks
2026-09-30 21:12:03,L1,508,99.95%,2048.03x,124 landmarks
2026-09-30 21:12:07,L2,16412,98.42%,63.39x,4096 entropy blocks
2026-09-30 21:12:11,L3,158176,84.80%,6.58x,611/611 ROI blocks
2026-09-30 21:12:29,L4,1056796,0.00%,0.98x,4096 sequential blocks
